project name,issue,commit,module,time,description
commons-lang_0,LANG-69,ec4a0fdfac5f8e27aec46f9e04a255cf31b40686,commons-lang,15.059000015258789,Compilation failure
commons-lang_0,LANG-59,9cbf70d82285d7ebdd190f7cd59f2a9d82a09c61,commons-lang,3.6089999675750732,Old pom struct
commons-lang_0,LANG-100,b01434196523fc67daa5d9379c4465b68961fd53,commons-lang,2.2680001258850098,Old pom struct
commons-lang_0,LANG-259,07b7795b336b301def8a7dc6059c8e616ce5582e,commons-lang,3.5920000076293945,Old pom struct
commons-lang_0,LANG-261,80e957ecc44a5f0404baeb0f36484e4d560e7bce,commons-lang,5.072999954223633,Old pom struct
commons-lang_0,LANG-277,462a89b82ee3e5fd5d6f69289297f77df83f689a,commons-lang,5.443000078201294,Old pom struct
commons-lang_0,LANG-278,ba57d261f1dfa1926e6bea34726e396865b0411c,commons-lang,5.01200008392334,Old pom struct
commons-lang_0,LANG-279,b33bbaa7c84bcc8a5ccaac35cfe4a42b8558add8,commons-lang,3.072999954223633,Old pom struct
commons-lang_0,LANG-281,1d5c03fac601d6ce291c3fe3e5e51a11881e2fc0,commons-lang,2.5830001831054688,Old pom struct
commons-lang_0,LANG-292,d8b6f5b5c6b92adff8965ab634b672e7b333f583,commons-lang,2.5389997959136963,Old pom struct
commons-lang_0,LANG-294,8e52e2169b20f7bc3c6c520d4f0c98e5bf06b076,commons-lang,4.459000110626221,Old pom struct
commons-lang_0,LANG-295,1a158281aa058ee2dc9cfae3b56012a9f92f3b2b,commons-lang,4.536999940872192,Old pom struct
commons-lang_0,LANG-299,9b0b19a9162ae8d217b06716962b982703ab4d1b,commons-lang,11.474999904632568,Compilation failure
commons-lang_0,LANG-300,15360774099b2a7230e020751acdf6979b6e3f58,commons-lang,14.24399995803833,Compilation failure
commons-lang_0,LANG-303,e9e167f9ebc7a73c5847745688ae127ecff6e2b1,commons-lang,10.809000015258789,Compilation failure
commons-lang_0,LANG-304,cf20d13c64da51becd1351befe02a06144fd6fc1,commons-lang,10.03499984741211,Compilation failure
commons-lang_0,LANG-315,b16235ad108c4fcdb7117493394d26d2f0faeace,commons-lang,9.907000064849854,Compilation failure
commons-lang_0,LANG-328,75d931a3264b73caa9cdd7d3373375cc33008ddf,commons-lang,10.223999977111816,Compilation failure
commons-lang_0,LANG-346,050fe8e916507c9716983868284d64e58c1b56d2,commons-lang,304.76799988746643,Compilation failure
commons-lang_0,LANG-360,659b20c0375b574a5d2b9e14f66c975405bfee42,commons-lang,316.9010000228882,Compilation failure
commons-lang_0,LANG-363,c22d9d59e5b86c33f91d7fa93d71cdc514c2edd9,commons-lang,246.67600011825562,Compilation failure
commons-lang_0,LANG-365,796b898281af571a510d96487dcd95699ac1e435,commons-lang,304.1870000362396,Compilation failure
commons-lang_0,LANG-368,127e6e338f088b82eea1967d31c1abf8d51a364f,commons-lang,313.422000169754,Compilation failure
commons-lang_0,LANG-381,bee5b923c54e59f877d392e35cb04ab62484c723,commons-lang,372.32400012016296,Compilation failure
commons-lang_0,LANG-393,9adbbb0bbfe1d76549dd8b6704f183dacb1de29f,commons-lang,1.805999994277954,No changed methods
commons-lang_0,LANG-393,e199d381f8c199801fee2d40a7f3ea1380700631,commons-lang,304.54900002479553,Compilation failure
commons-lang_0,LANG-412,1fe5439baf32af2114958e3cfc3512bd72c84773,commons-lang,277.3789999485016,Compilation failure
commons-lang_0,LANG-418,bb8b6f4b0c54f25024b17d1f2abcd4bb98289983,commons-lang,327.59800004959106,Compilation failure
commons-lang_0,LANG-419,4342bd5d69d122a16c735416039b4b2ca27897ad,commons-lang,268.7590000629425,Compilation failure
commons-lang_0,LANG-421,dd0deed066e728d7b09e5fd69855c5ad7bf6bdb4,commons-lang,266.34600019454956,Compilation failure
commons-lang_0,LANG-428,3c4f60d71bc4bee0158d713be93c2151411d2e98,commons-lang,295.87000012397766,Compilation failure
commons-lang_0,LANG-432,711e204e73f24e32acb3727a5d9d3b351b6639d1,commons-lang,421.4520001411438,Success
commons-lang_0,LANG-436,585e4c6eb3a49dbbd18f39acc4c94d5d64100eff,commons-lang,276.0039999485016,Compilation failure
commons-lang_0,LANG-440,a6a2d04877d91a4c7cfff889bb64e2627ca60994,commons-lang,334.4849998950958,Compilation failure
commons-lang_0,LANG-456,9bd439b4e0aa69050ef1baa537e552fa4620e5d4,commons-lang,1.997999906539917,No changed methods
commons-lang_0,LANG-456,b5749b4f54b30c0c2050e456c12cfcf516434f13,commons-lang,341.1599998474121,Failed to execute goal org.codehaus.mojo:animal-sniffer-maven-plugin:1.13:check
commons-lang_0,LANG-457,0d0061f247b9c28b59b1af7e7a10def74718ac94,commons-lang,247.5329999923706,Compilation failure
commons-lang_0,LANG-467,9adbbb0bbfe1d76549dd8b6704f183dacb1de29f,commons-lang,1.8859999179840088,No changed methods
commons-lang_0,LANG-477,a38e2e942d622c1a84ed35bedb9aba045db7ab79,commons-lang,284.57400012016296,Compilation failure
commons-lang_0,LANG-480,c0683957931ffa3df218ff68ca31e257174a6466,commons-lang,278.57800006866455,Compilation failure
commons-lang_0,LANG-521,26bc3fe010d5154d3ccac526ec22c429fc3af499,commons-lang,388.6470000743866,Success
commons-lang_0,LANG-530,1b85d8ba9e7bea6e4c7742b57bf71c38f1bf0a27,commons-lang,1108.6180000305176,Success
commons-lang_0,LANG-535,2dc56182579703153e5c9886b3ecd22bbc348b49,commons-lang,416.095999956131,Success
commons-lang_0,LANG-538,825481f019e4482e5ea74d5b0b5e5c438535cb68,commons-lang,533.5190000534058,Success
commons-lang_0,LANG-552,56550bf2779990da78d2bac1d8287c8a693c6e4b,commons-lang,522.1289999485016,Success
commons-lang_0,LANG-567,2f8f67ab2939f1c23f09c8764e04ea2da0479332,commons-lang,414.1319999694824,Success
commons-lang_0,LANG-571,54c0f6ba9e6555146d0dad51bcb5c4ec581e21da,commons-lang,402.460000038147,Success
commons-lang_0,LANG-586,1f35e7c99b66b8d46c4ad96558e694a10aa38062,commons-lang,404.6529998779297,Success
commons-lang_0,LANG-586,a2bb711aee6621b21cdd22e6d7e4bff2f7236235,commons-lang,318.45499992370605,Generated no tests
commons-lang_0,LANG-587,8f675dd3cbfb8f552bdbbe1cfc646ba5b367983b,commons-lang,393.3890001773834,Success
commons-lang_0,LANG-596,f7f19a3d2f98f48924d38fec2308dc3db83445d8,commons-lang,305.989000082016,Compilation failure
commons-lang_0,LANG-606,1a60c21395fe7648188d1c91f62ac7baefa12742,commons-lang,406.0989999771118,Success
commons-lang_0,LANG-607,bc52782cd84f4356d2984e1aa01806f81754eb08,commons-lang,417.239000082016,Success
commons-lang_0,LANG-607,1ced894df70d66f3a786c2c8cd6e23e0d4263d91,commons-lang,414.0220000743866,Success
commons-lang_0,LANG-613,8252b04a45722648ce2225853de9882b3b0de034,commons-lang,427.0239999294281,Success
commons-lang_0,LANG-617,bef3eb6ed060d5ae14da6ce5a1909675b8cf5650,commons-lang,320.86699986457825,Success
commons-lang_0,LANG-617,c0041cafc2fda3fb437009d5417ba5ebeb32ad35,commons-lang,412.2660000324249,Success
commons-lang_0,LANG-624,9ae054b7c894706fcaea519a14f48cc773835069,commons-lang,432.1399998664856,Compilation failure
commons-lang_0,LANG-624,eb79f7c6f37d0d9c4d9252b1020bc19a617a4d23,commons-lang,403.48600006103516,Success
commons-lang_0,LANG-624,b24ecd60fe9517bef1d6342e479e9bc3d85ef692,commons-lang,447.5620000362396,Success
commons-lang_0,LANG-636,249788d799ca1c3964062bdc5c19a51ecc05c2f7,commons-lang,290.5350000858307,Compilation failure
commons-lang_0,LANG-638,50c1fdecb4ed33ec1bb0d449f294c299d5369701,commons-lang,293.61299991607666,Compilation failure
commons-lang_0,LANG-645,14a0cc2a9baf84a97348263975082ef3857daf97,commons-lang,349.30799984931946,Compilation failure
commons-lang_0,LANG-646,345b4836f6e34ba29564dbead73ede2f2309aa74,commons-lang,375.49000000953674,Compilation failure
commons-lang_0,LANG-662,2270d830fda743de1ce8a61e33b9542cb39a0f4b,commons-lang,328.43099999427795,Compilation failure
commons-lang_0,LANG-664,8e2f4ddb9a1ecd7a1bf7d752c2c891d630287036,commons-lang,336.5750000476837,Compilation failure
commons-lang_0,LANG-672,9c6d3ea78fa936c8eedbd72236fe3f6e217c2b96,commons-lang,341.85000014305115,Compilation failure
commons-lang_0,LANG-677,3e5d5dc9c0a5047152eedb802bc008ce78b8de0c,commons-lang,340.5720000267029,Compilation failure
commons-lang_0,LANG-683,8542ccb689031ef8efb416a6c95dd8b9b2c5e5c1,commons-lang,349.103000164032,Compilation failure
commons-lang_0,LANG-693,8a1042959df80c06dbfa83896594caa8e20ff9d6,commons-lang,358.9759998321533,Compilation failure
commons-lang_0,LANG-703,a80f11cf9d02d2517c7f230f24949cbebaafc0c2,commons-lang,355.0600001811981,Compilation failure
commons-lang_0,LANG-710,d70baf13700b6cbe664249322559b64dc44303c2,commons-lang,306.2720000743866,Compilation failure
commons-lang_0,LANG-710,9642e11aac22ad1790fcafcc6973605581bb4cb5,commons-lang,269.32599997520447,Generated no tests
commons-lang_0,LANG-710,8914d7f617f78aae8c85405856283c98d4e43990,commons-lang,315.36500000953674,Compilation failure
commons-lang_0,LANG-719,34a6449c90a3b6074111a6bcbd31ad00ac1570f3,commons-lang,302.01900005340576,Compilation failure
commons-lang_0,LANG-720,2c1b5be146585dc8b27aedebca959f92da19094e,commons-lang,331.7829999923706,Compilation failure
commons-lang_0,LANG-746,41326bf5266ecc6472bab28481b77cecd6f7fb5c,commons-lang,291.2090001106262,Compilation failure
commons-lang_0,LANG-747,d1a45e9738de5b3e299bb51e987565dcce55fee6,commons-lang,300.23600006103516,Compilation failure
commons-lang_0,LANG-786,dfa6882a3b9ae6d17c386312ad5e5902d852fb4e,commons-lang,297.6710000038147,Compilation failure
commons-lang_0,LANG-788,e9429c05e1a4797383fb405928088d2f8563ff97,commons-lang,351.7539999485016,Compilation failure
commons-lang_0,LANG-799,ebdef1b95710b44324d40fa1e67a1bc1b370ee81,commons-lang,342.61899995803833,Compilation failure
commons-lang_0,LANG-805,27bcbcc728434ffb2c45e81c0e75e6a3d6da3441,commons-lang,281.04300022125244,Compilation failure
commons-lang_0,LANG-807,4a65cb8da23d6667ac6f91775309b4da9b315d95,commons-lang,282.40900015830994,Compilation failure
commons-lang_0,LANG-813,4ae84a33c0b031b835a60a804ab69be2ca060fb9,commons-lang,351.7109999656677,Compilation failure
commons-lang_0,LANG-814,c63041d06c284ecd92a90f4e192df37d94a1d228,commons-lang,336.1949999332428,Compilation failure
commons-lang_0,LANG-814,49b63810c04ebf57aef8afe04420f3cba3891563,commons-lang,280.32600021362305,Compilation failure
commons-lang_0,LANG-818,04babff3798680e012646988841bcc710a9e3c54,commons-lang,336.17899990081787,Compilation failure
commons-lang_0,LANG-822,350cf8c2da08ccde6b4d71b19bb3df97256ea368,commons-lang,281.92400002479553,Compilation failure
commons-lang_0,LANG-828,d7af9435485453053a61f9baaca616602d8a4fd8,commons-lang,280.6139998435974,Compilation failure
commons-lang_0,LANG-828,e582456625cc8a7056cc9354d2a75913f4ceb393,commons-lang,288.99199986457825,Compilation failure
commons-lang_0,LANG-828,34beef1d085c4571b8b8924951043276e1cc29f9,commons-lang,335.1119999885559,Compilation failure
commons-lang_0,LANG-831,ad72b9f2bf37bd61af18bde67c1622d90a5d8766,commons-lang,281.44000005722046,Compilation failure
commons-lang_0,LANG-832,65a6458eaa2e1f88278e4bb5753a68bd825e3a80,commons-lang,276.9010000228882,Compilation failure
commons-lang_0,LANG-836,22c37d530734969c473fcc26278d6cb92bd622d0,commons-lang,303.22000002861023,Compilation failure
commons-lang_0,LANG-857,52bcd9b8e82d4d1d287b0d75df1e161aff8c65ab,commons-lang,297.8789999485016,Compilation failure
commons-lang_0,LANG-858,0c9622b749f3d49798059c74ad66a51f3c782b5a,commons-lang,347.63899993896484,Compilation failure
commons-lang_0,LANG-865,4d46f014fb8ee44386feb5fec52509f35d0e36ea,commons-lang,52.56399989128113,Generated no tests
commons-lang_0,LANG-879,dcde57852a97a9ac8021d2440b3de5be4870ecf6,commons-lang,348.8199999332428,Compilation failure
commons-lang_0,LANG-882,0cdc976684efcf478397b68c1d54cefc87bb92c9,commons-lang,292.30800008773804,Compilation failure
commons-lang_0,LANG-896,ef9623ef8ecc198849661eb5cd052938977f1d80,commons-lang,346.66100001335144,Compilation failure
commons-lang_0,LANG-901,9bc992b133f7169288f1fa6b53a04f74c1549947,commons-lang,476.74399995803833,Success
commons-lang_0,LANG-905,70b3504b9fe03f267ce0f97c6ff21de5f5fbd2f3,commons-lang,355.6360001564026,Success
commons-lang_0,LANG-915,8ea0c0284810bd6ec00f608be31abd20dbd4b72b,commons-lang,298.84299993515015,Success
commons-lang_0,LANG-916,775203dd2cfce017910d04c58a0b1b4e0a64923c,commons-lang,320.3880000114441,Failed to execute goal org.codehaus.mojo:animal-sniffer-maven-plugin:1.13:check
commons-lang_0,LANG-917,be370cd0ef134bb44fde733e4ee91661a012dae5,commons-lang,344.69199991226196,Success
commons-lang_0,LANG-920,a9ae686ec85e4fc326f56a23de8cd0481f7d9c89,commons-lang,493.70300006866455,Success
commons-lang_0,LANG-921,aadbea734d78e8d535d3a5837643336ca1384bd2,commons-lang,292.55999994277954,Success
commons-lang_0,LANG-928,6ea7f2f7afcd6d60d62a5cd1392feda3471fc666,commons-lang,283.01199984550476,Success
commons-lang_0,LANG-934,c288d296018a48eb88526b05b62419170cc63a6b,commons-lang,371.8769998550415,Success
commons-lang_0,LANG-936,8cd2339a9788cf2c6e44b6761d3a19259fbe1df3,commons-lang,431.7349998950958,Success
commons-lang_0,LANG-948,bf6ee5c56eb32bb572c240d765d542c048ec9565,commons-lang,233.89999985694885,Failed to execute goal org.codehaus.mojo:animal-sniffer-maven-plugin:1.13:check
commons-lang_0,LANG-950,03645a1ec13a33d15d10270be759ddeaf9a5f7b5,commons-lang,292.114000082016,Unexpected
commons-lang_0,LANG-951,0942ef04f1fa911d382b79a92dca1dd4b3eb88e6,commons-lang,296.8090000152588,Success
commons-lang_0,LANG-961,2eecc96a53bb3b9da49bae03a18388d0f23853e7,commons-lang,356.42599987983704,Success
commons-lang_0,LANG-971,9397608dd35a335d5e14813c0923f9419782980a,commons-lang,339.4229998588562,Success
commons-lang_0,LANG-972,5a509030a946646780e963b9f492a4eaff734116,commons-lang,374.2590000629425,Success
commons-lang_0,LANG-977,ab1424015085472b2d3865668e370aec8a102331,commons-lang,385.0789999961853,Success
commons-lang_0,LANG-981,aadd8e172eb22fb593fbaa454075677656fad111,commons-lang,303.21799993515015,Success
commons-lang_0,LANG-984,cf4138d7bc1a892295ccd58ea8b42f7c8737239a,commons-lang,328.37400007247925,Success
commons-lang_0,LANG-987,80bd3fdb42a5d816ded9d9111c7dac3ce57c3101,commons-lang,355.2920000553131,Success
commons-lang_0,LANG-992,cf03e6173b70ad64337704402bea51600cddd1ba,commons-lang,391.9630000591278,Success
commons-lang_0,LANG-995,fbb0f7f88c84001e0a92dae6a71b7e43bda65a56,commons-lang,307.4119999408722,Success
commons-lang_0,LANG-1000,22b6781a0b96418198dc9146e5191e51d381102f,commons-lang,461.58700013160706,Success
commons-lang_0,LANG-1001,b4b51a8fc9eed7274a045b2f3192d77782b0e4fa,commons-lang,2.7360000610351562,No changed methods
commons-lang_0,LANG-1003,64ef8a80224443c81dfb198cbc567e1b2b9356a2,commons-lang,299.9839999675751,Success
commons-lang_0,LANG-1004,fd54d42f78ae17a96fc005d2fcd080807343aad7,commons-lang,319.30099987983704,Success
commons-lang_0,LANG-1018,8d6bc0ca625f3a1a98b486541fa613b2fac4b41c,commons-lang,435.09500002861023,Success
commons-lang_0,LANG-1055,63f1d6b83bc10a2880f5ec17a172fab284d2eff5,commons-lang,324.7000000476837,Success
commons-lang_0,LANG-1060,c8e61afdb89c58ea8ffaf04593da41ff0888d30e,commons-lang,468.9229998588562,Success
commons-lang_0,LANG-1061,2367948a0f7bbcf42cb3ef9d97216319a526d3eb,commons-lang,238.79800009727478,Failed to execute goal org.codehaus.mojo:animal-sniffer-maven-plugin:1.13:check
commons-lang_0,LANG-1069,71f6746f81bb9650f6f228ea204d85ba2c5b7392,commons-lang,298.8619999885559,Failed to execute goal org.codehaus.mojo:animal-sniffer-maven-plugin:1.13:check
commons-lang_0,LANG-1072,0162032aa4ea1084e4bccbce6fbfc48ae4b0cc48,commons-lang,355.5659999847412,Success
commons-lang_0,LANG-1077,7fd021d82ff431fb31f42bc6c5c44a3b979cb426,commons-lang,439.42900013923645,Success
commons-lang_0,LANG-1077,d75fe46b8f1b0d5c27887052ee4714d6a9c7ea4b,commons-lang,308.67199993133545,Failed to execute goal org.codehaus.mojo:animal-sniffer-maven-plugin:1.13:check
commons-lang_0,LANG-1077,e5a3039f7a1e727fca40db7357a9191b6a7cf41d,commons-lang,399.87600016593933,Success
commons-lang_0,LANG-1081,ffc38b1f3b35ddfadb942240b9d2f933ec83d1be,commons-lang,380.2060000896454,Success
commons-lang_0,LANG-1083,6eac3468d4569e64f18757225aa8f7fd6f2a5241,commons-lang,379.19000005722046,Success
commons-lang_0,LANG-1087,45a6467088a08e447d7f2983551021b91c70ab49,commons-lang,295.24699997901917,Failed to execute goal org.codehaus.mojo:animal-sniffer-maven-plugin:1.13:check
commons-lang_0,LANG-1089,7c8443f66c1a1852d31a4f3b9f096e5eecef5eb5,commons-lang,292.8680000305176,Failed to execute goal org.codehaus.mojo:animal-sniffer-maven-plugin:1.13:check
commons-lang_0,LANG-1090,ce7f4ed073b5a7b326871bd2339e355dbe9468fa,commons-lang,296.47900009155273,Failed to execute goal org.codehaus.mojo:animal-sniffer-maven-plugin:1.13:check
commons-lang_0,LANG-1092,8aa1b44ada759e7948f87f55bb29ab87b5eb5469,commons-lang,297.90199995040894,Failed to execute goal org.codehaus.mojo:animal-sniffer-maven-plugin:1.13:check
commons-lang_0,LANG-1116,bea1ae92aa52a985f8c171c6e17ff7fc4aa61fe4,commons-lang,287.4300000667572,Failed to execute goal org.codehaus.mojo:animal-sniffer-maven-plugin:1.13:check
commons-lang_0,LANG-1118,1b9d938d66a172b200fd90d4a61707852bdb4b8f,commons-lang,264.9130001068115,Failed to execute goal org.codehaus.mojo:animal-sniffer-maven-plugin:1.13:check
commons-lang_0,LANG-1120,a0b798c27a0312df2a110073bd7888993e56d05c,commons-lang,422.05099987983704,Success
commons-lang_0,LANG-1122,13d7ce9fb65e8f05014daf4ee6cebc76f4781e6c,commons-lang,2038.1050000190735,Failed to execute goal org.codehaus.mojo:animal-sniffer-maven-plugin:1.13:check
commons-lang_0,LANG-1123,775203dd2cfce017910d04c58a0b1b4e0a64923c,commons-lang,335.289999961853,Failed to execute goal org.codehaus.mojo:animal-sniffer-maven-plugin:1.13:check
commons-lang_0,LANG-1131,fc73151cfca36ea2641f340700dbe339b9e1f103,commons-lang,259.8550000190735,Failed to execute goal org.codehaus.mojo:animal-sniffer-maven-plugin:1.13:check
commons-lang_0,LANG-1133,71d7c3264239c55b6e2daf89c44c5685085f26dd,commons-lang,253.0460000038147,Failed to execute goal org.codehaus.mojo:animal-sniffer-maven-plugin:1.13:check
commons-lang_0,LANG-1141,54e63005446a2b0a4255ba16838122c5808ef886,commons-lang,240.53600001335144,Failed to execute goal org.codehaus.mojo:animal-sniffer-maven-plugin:1.13:check
commons-lang_0,LANG-1142,421db380d060e9f037a8ecbc446c414efaa6923f,commons-lang,305.53399991989136,Failed to execute goal org.codehaus.mojo:animal-sniffer-maven-plugin:1.13:check
commons-lang_0,LANG-1147,06b7cd3a31c4565ceb0a127273ef800a3d084caf,commons-lang,296.0859999656677,Failed to execute goal org.codehaus.mojo:animal-sniffer-maven-plugin:1.13:check
commons-lang_0,LANG-1152,52b46e74dd29eb3eb65a593a872fd57694bc154c,commons-lang,288.81900000572205,Failed to execute goal org.codehaus.mojo:animal-sniffer-maven-plugin:1.13:check
commons-lang_0,LANG-1162,6849dfc8a660bf8c95354520a2fa1283c9b3aa43,commons-lang,303.49699997901917,Failed to execute goal org.codehaus.mojo:animal-sniffer-maven-plugin:1.13:check
commons-lang_0,LANG-1163,e8a2c29721d145c52c970049e5469cfb0dcefd87,commons-lang,237.8069999217987,Failed to execute goal org.codehaus.mojo:animal-sniffer-maven-plugin:1.13:check
commons-lang_0,LANG-1190,13cd4e0ac3ab76a4dc091eda457f9a111727cba2,commons-lang,404.12099981307983,Success
commons-lang_0,LANG-1191,3af7d0dace7bee3f42b88abcaca853765cee3557,commons-lang,419.2300000190735,Success
commons-lang_0,LANG-1192,afc942c7b2bc0317cb549a3fd05080646e7274fc,commons-lang,376.69600009918213,Failed to execute goal org.codehaus.mojo:animal-sniffer-maven-plugin:1.13:check
commons-lang_0,LANG-1192,2fa0b168d62a07365b2787d0ed97fa1c2cfb673b,commons-lang,385.164999961853,Failed to execute goal org.codehaus.mojo:animal-sniffer-maven-plugin:1.13:check
commons-lang_0,LANG-1192,2ebf9a21d2dc99ab2f434111cac9dcd6da99d574,commons-lang,284.1840000152588,Failed to execute goal org.codehaus.mojo:animal-sniffer-maven-plugin:1.13:check
commons-lang_0,LANG-1193,d75fe46b8f1b0d5c27887052ee4714d6a9c7ea4b,commons-lang,311.6819999217987,Failed to execute goal org.codehaus.mojo:animal-sniffer-maven-plugin:1.13:check
commons-lang_0,LANG-1199,c35a04102274b330aa833030c15f722b00062812,commons-lang,487.0239999294281,Success
commons-lang_0,LANG-1202,c99a787752770b8952297e24e07bd404cb2f4f74,commons-lang,365.84500002861023,Success
commons-lang_0,LANG-1205,b877fb9abef4a19eec9cc7329acbd433648b8f7b,commons-lang,431.3989999294281,Success
commons-lang_0,LANG-1214,fbb5d31a581c24e925c442a7754358d2b62a669d,commons-lang,384.5169999599457,Success
commons-lang_0,LANG-1219,3c92830ec51fb6b6e9a7ca2fb8fda324cd33e48a,commons-lang,350.44400000572205,Success
commons-lang_0,LANG-1226,7e85d1cf54b1e467607a0019b56f91577ebe2e4f,commons-lang,530.4270000457764,Success
commons-lang_0,LANG-1228,864721d54b8b372808b098e13120abe5c22fb9b1,commons-lang,369.4940001964569,Unexpected
commons-lang_0,LANG-1229,9bd439b4e0aa69050ef1baa537e552fa4620e5d4,commons-lang,1.4249999523162842,No changed methods
commons-lang_0,LANG-1241,7fd021d82ff431fb31f42bc6c5c44a3b979cb426,commons-lang,433.44200015068054,Success
commons-lang_0,LANG-1252,b3c31a379e9ad7cd22cb7f0669b82361ced84992,commons-lang,445.71299982070923,Success
commons-lang_0,LANG-1252,c503d742f094dc2048b72c3f78f5e2e6070a44e1,commons-lang,406.23600006103516,Unexpected
commons-lang_0,LANG-1261,1f56bd103d53c8c6ba7502c6586c26be01bfdb80,commons-lang,762.9700000286102,Success
commons-lang_0,LANG-1269,f4ee399e31eb61741f5f2167d6af8f49c0e991b6,commons-lang,8.058000087738037,No changed methods
commons-lang_0,LANG-1269,a40b2a907a69e51675d7d0502b2608833c4da343,commons-lang,576.7920000553131,Success
commons-lang_0,LANG-1271,38140a5d8dffec88f7c88da73ce3989770e086e6,commons-lang,356.4869999885559,Success
commons-lang_0,LANG-1276,10325422e5a4735aa87a4d47bdb377e09fe963d2,commons-lang,422.62000012397766,Success
commons-lang_0,LANG-1286,f643b4fa939e89348618ddffae20a804f4461363,commons-lang,418.779000043869,Timeout failure
commons-lang_0,LANG-1287,695342cb1cef42f30fd1a8496f181c92b21ae82d,commons-lang,392.1089999675751,Timeout failure
commons-lang_0,LANG-1292,a08ec31dbf212a033953dc6916a743dccbb93e37,commons-lang,337.09500002861023,Success
commons-lang_0,LANG-1310,1a20867d01ef8ee5b32b0620125b7c38a10b80c5,commons-lang,336.5169999599457,Success
commons-lang_0,LANG-1311,1661e5519c4836a5a940b13b7797263443156fc9,commons-lang,389.2339999675751,Success
commons-lang_0,LANG-1312,fb4803623b8f089a8dfd265a68461f4283e7ffad,commons-lang,385.42900013923645,Success
commons-lang_0,LANG-1312,4bd982d1a1df87724682c17c39bf27b5cbe389be,commons-lang,379.8250000476837,Success
commons-lang_0,LANG-1319,7587431987258e94748d5f2fda1e6ca049a21600,commons-lang,364.4100000858307,Success
commons-lang_0,LANG-1337,21bab1d3a0b48c37592686fed7e1b2025fbf78aa,commons-lang,837.75,Success
commons-lang_0,LANG-1348,cc6beb2d05347fba64d933906ae2b712b1a43302,commons-lang,420.31900000572205,Success
commons-lang_0,LANG-1350,cc94767e7eabdfcf9d1cab1d8d1d8556864394c6,commons-lang,411.875,Success
commons-lang_0,LANG-1355,1dbfaeecbd104a6edae43fcd3350c06a7cb51146,commons-lang,543.835000038147,Unexpected
commons-lang_0,LANG-1360,6f03c0ce11db4a270124b9bf93338d3db9fccf5c,commons-lang,406.1510000228882,Success
commons-lang_0,LANG-1360,8e8e78d849825696237b9f540f3e082a44b1e838,commons-lang,612.2160000801086,Success
commons-lang_0,LANG-1360,6ea2fc8d38e035bafaa92c7d3b007be38c2e9000,commons-lang,460.3120000362396,Success
commons-lang_0,LANG-1364,60412131f3679b720bcaaaf3dea4be666cefea7a,commons-lang,356.57999992370605,Success
commons-lang_0,LANG-1370,7d061e33e59e23dc4b03378f35f50a7d70f033b3,commons-lang,357.50099992752075,Success
commons-lang_0,LANG-1371,d8ec011d770e1e04ef4f87fba673f3748f363278,commons-lang,423.30399990081787,Success
commons-lang_0,LANG-1374,c614fbcc79615f93d2c60a153db6e82d7474c425,commons-lang,364.7349998950958,Success
commons-lang_0,LANG-1380,f56931c176fef5e164b681c740746aebdccccec3,commons-lang,415.0020000934601,Success
commons-lang_0,LANG-1384,50ce8c44e1601acffa39f5568f0fc140aade0564,commons-lang,316.07499980926514,Unexpected
commons-lang_0,LANG-1384,cb686673a70a6f14c35575550c48c37d19a1598b,commons-lang,346.654000043869,Success
commons-lang_0,LANG-1385,8b62c114cfc5fd347bd8cb5a391fdfa8cb539435,commons-lang,413.3149998188019,Success
commons-lang_0,LANG-1395,e7d16c27629722a93a9d36a0b5e0a3a793850544,commons-lang,160.4340000152588,Generated no tests
commons-lang_0,LANG-1396,3fadfdd69f4682f05563ce53e55743f55813f488,commons-lang,347.1080000400543,Success
commons-lang_0,LANG-1397,09ef69c5b51115300da6df43690cd455d83c8027,commons-lang,349.1569998264313,Success
commons-lang_0,LANG-1406,d68e2e9125126938399175f424f06301f497b920,commons-lang,638.5620000362396,Success
commons-lang_0,LANG-1426,089b43a0a6de2d6ae49840aec3805aee2c309001,commons-lang,606.1599998474121,Success
commons-lang_0,LANG-1463,d0b95be2819469371c0276df80e54b088a9b7cad,commons-lang,593.2359998226166,Success
commons-lang_0,LANG-1475,06aea7e74cfe4a1578cb76672f1562132090c205,commons-lang,570.9399998188019,Success
commons-lang_0,LANG-1480,bedae6950d43008929d9cd109c9e8fb163793bd7,commons-lang,421.35399985313416,Success
commons-lang_0,LANG-1480,23f18044d1cc750ce07a59662f636468e616d4d5,commons-lang,404.3369998931885,Success
tika_0,TIKA-19,d7dabee5ce14240f3c5ba2f6147c963d03604dd3,tika,454.58899998664856,Success
tika_0,TIKA-21,033a07cf008dfaf63c2d4bb76bebf184f8b7a338,tika,409.9059998989105,Unexpected
tika_0,TIKA-44,d4bb41f7968cb40d39f66b2c0430dde3eef2e618,tika,627.2670001983643,Success
tika_0,TIKA-51,838fe5fc64d02bbab15e71131aca84a233558755,tika,491.90199995040894,Success
tika_0,TIKA-56,b12c01d9b56053554cec501aab0530f7f4352daf,tika,340.8589999675751,Success
tika_0,TIKA-107,fa6bb7e3c92145d29cd97820718ece69fd6ffd62,tika,420.7590000629425,Success
tika_0,TIKA-121,acf76a64d81eb9c901d92fe718c0f0ffb4d14ced,tika-core,288.85400009155273,Success
tika_0,TIKA-121,acf76a64d81eb9c901d92fe718c0f0ffb4d14ced,tika-parsers,0.002000093460083008,No classes associated to this module
tika_0,TIKA-140,836c4b953552c4dd4359d45197b0f241824ba32c,tika,477.9920001029968,Success
tika_0,TIKA-179,e43a19e433b6085b91bf44f534dbf055db313026,tika,530.4759998321533,Success
tika_0,TIKA-180,717833ad539511dc9c48eb488ce88c4337b05651,tika,381.17500019073486,Success
tika_0,TIKA-185,e77e233f0e74edc6271a5dad2c8b1a7fe22925e2,tika,524.6289999485016,Success
tika_0,TIKA-189,dd352d27c1b955103b2be76f2d5bca88f3b8e48b,tika,383.0380001068115,Success
tika_0,TIKA-197,f6f9d4fe18590bfd8b03e5e87b75af9a18ee059e,tika,382.12400007247925,Success
tika_0,TIKA-209,7a6089c0fd2f52119b5519ac30907875186e8815,tika-core,451.5610001087189,Success
tika_0,TIKA-209,84587e3bd3333f0424e78e58982240e16afa0fe6,tika-core,272.43299984931946,Success
tika_0,TIKA-209,655afb51b95e4bff1c4b86d40023da112544cad2,tika-core,534.220999956131,Success
tika_0,TIKA-209,27e6e47d03c13d3bf53f759426f0b3e9c3aaff58,tika-core,428.18099999427795,Success
tika_0,TIKA-209,62697affaf3fb93c5f667f76fe54deb78003ef4e,tika-core,275.57599997520447,Success
tika_0,TIKA-209,8c130bad35f52ddfa7df2252243d86168d29a41e,tika-core,407.87999987602234,Git error
tika_0,TIKA-210,60c9b0e05868fb786180b3d7403537b2e66dce03,tika,519.2580001354218,Success
tika_0,TIKA-214,f49c4bdbe322506c6ddbf301cf842ac14eac3d67,tika-parsers,484.345999956131,Dependencies resolution failure
tika_0,TIKA-225,368e6fafc5bce2abd9efeba0800d098a876cbcfc,tika-core,450.51900005340576,Success
tika_0,TIKA-240,f04edc5024a25ce5ce6d178fd8027b62ecc58b40,tika-parsers,601.8359999656677,Success
tika_0,TIKA-257,3d8a58aa28f15e17c21158d096e24b1f65e750cf,tika-parsers,786.8329999446869,Success
tika_0,TIKA-268,a09f5af5dd6e5b81bf7d3393851cc65f4855c619,tika-parsers,584.835000038147,Success
tika_0,TIKA-305,03be219a6d7646d07c56b1cc98899d139cb62727,tika-parsers,0.004999876022338867,No classes associated to this module
tika_0,TIKA-309,39469baa4c0a991b171dd71b36f65c205058e462,tika-core,367.30400013923645,Success
tika_0,TIKA-311,99c2dd5ea17081585bf559962e33366c4b2428d1,tika-parsers,669.2009999752045,Success
tika_0,TIKA-339,16db6681ebfcbb622255f81f5006020af07c2d1e,tika-parsers,12.398000001907349,Compilation failure
tika_0,TIKA-343,5df8f87c4c865942a0c0990bc2c00a6d2ad0320d,tika-parsers,10.926000118255615,Compilation failure
tika_0,TIKA-343,ebe7995a870c96ad5a7c9b05ed24bdb940bd166a,tika-core,311.15700006484985,Success
tika_0,TIKA-343,2f0fa3b65a48bc4042491324cc546f9c32536c20,tika-parsers,11.034000158309937,Compilation failure
tika_0,TIKA-346,4d89ea2c6349fe07b5dfc1134fa5cd4960a33710,tika-parsers,17.277000188827515,Compilation failure
tika_0,TIKA-371,11970650568d41bd2318d3513c011240b7be3ecf,tika-parsers,316.68099999427795,Dependencies resolution failure
tika_0,TIKA-379,dd6330f7dfa0f836918306ee718e48f9c4418dbe,tika-parsers,393.74199986457825,Dependencies resolution failure
tika_0,TIKA-389,5451e28bc4506703205741b2163d785aa4e27826,tika-parsers,13.949000120162964,Compilation failure
tika_0,TIKA-391,6f48f57a6a0f21e6589a1d512a25574425dcc4cb,tika-core,436.15000009536743,Success
tika_0,TIKA-394,8a5f28845f28f5a5e2debdfc0fa3f89c738cd2fe,tika-core,365.24199986457825,Success
tika_0,TIKA-395,cca6e63be096b1f1225ff7dea5336ee2048cb41b,tika-parsers,13.033999919891357,Compilation failure
tika_0,TIKA-418,b471e61c790dcd9f6ad6be77f46f2e07afc56947,tika-parsers,243.89800000190735,Dependencies resolution failure
tika_0,TIKA-422,cd4dff4df0699bcaebf4fc7f3e59ef77b9a9ba47,tika-parsers,13.717999935150146,Compilation failure
tika_0,TIKA-431,7d89a5e455686a945f2e3302f0d201e5e6c4a985,tika-core,464.4010000228882,Success
tika_0,TIKA-431,7d89a5e455686a945f2e3302f0d201e5e6c4a985,tika-parsers,880.5759999752045,Git error
tika_0,TIKA-434,31ce68f698019a9051011faa6bbb47b082ed210a,tika-parsers,15.203999996185303,Compilation failure
tika_0,TIKA-453,ed34e70f0ba7fc01769bed8dbf7f65a1a9058ec0,tika-core,360.64200019836426,Success
tika_0,TIKA-457,e347b9887b6f02c00082c393b5a80d2126539995,tika-parsers,0.003999948501586914,No classes associated to this module
tika_0,TIKA-457,163d93c4e1e78a27b5dcd9502c2a4757fbd53b7d,tika-parsers,317.7449998855591,Dependencies resolution failure
tika_0,TIKA-462,d4a401460f56870c5085d87ec4f4856b6e6aacf3,tika-parsers,13.289999961853027,Compilation failure
tika_0,TIKA-463,ed7a1d1bda0d981359261c20e8617a73d7dc482b,tika-parsers,317.5829999446869,Dependencies resolution failure
tika_0,TIKA-463,e347b9887b6f02c00082c393b5a80d2126539995,tika-parsers,0.003999948501586914,No classes associated to this module
tika_0,TIKA-463,163d93c4e1e78a27b5dcd9502c2a4757fbd53b7d,tika-parsers,317.702999830246,Dependencies resolution failure
tika_0,TIKA-463,31345be7c8cd6e347d0f7aeab12d99ed44187145,tika-parsers,318.0020000934601,Dependencies resolution failure
tika_0,TIKA-478,a1c050381e3cd2fff0ee9144f2d867d0491a1cdc,tika-parsers,0.003999948501586914,No classes associated to this module
tika_0,TIKA-478,486281b69d4d0f83ec4c35b85514b18b90a17eb8,tika-parsers,244.16599988937378,Dependencies resolution failure
tika_0,TIKA-480,fed8c465cd4b6b6fd4158b284b317806064f0a33,tika-parsers,243.76400017738342,Dependencies resolution failure
tika_0,TIKA-481,4f6a589842f4648f23a0d9e4bac5283893cac9da,tika-parsers,318.210000038147,Dependencies resolution failure
tika_0,TIKA-483,98eb0b0ec46c8a826a8a76a52636d8cc617d3201,tika-core,370.3109998703003,Success
tika_0,TIKA-501,05acb51341cf2fd112ecbc8da517a33141b3a434,tika-parsers,243.77500009536743,Dependencies resolution failure
tika_0,TIKA-515,c496ffa3a53dab8d8992b75e27b7475fb6e407f3,tika-core,372.9130001068115,Success
tika_0,TIKA-520,0abbfee21acacabadd74211921ed7c047201f68a,tika-parsers,244.68799996376038,Dependencies resolution failure
tika_0,TIKA-521,9fbce438928982a43fa2ffac51d8550d39a47bef,tika-parsers,15.312999963760376,Compilation failure
tika_0,TIKA-533,d60651e489947e4a57eac775928e4b82d77fbd6d,tika-parsers,318.00300002098083,Dependencies resolution failure
tika_0,TIKA-534,cd45bd25057d9718afac37c69e6b4ab5b1b91a7b,tika-parsers,13.703999996185303,Compilation failure
tika_0,TIKA-548,8e58142f50588e11c75529c0489a04d9cb167e1e,tika-parsers,12.388999938964844,Compilation failure
tika_0,TIKA-592,ca6b5ca5614867a682b966fdfa35a6f7b48c1591,tika-parsers,13.861999988555908,Compilation failure
tika_0,TIKA-618,8b87a3848fc28ffaf536c5d3e5954239959cac2f,tika-parsers,12.60700011253357,Compilation failure
tika_0,TIKA-632,c80eee31e10872648a1d23fefc8e13bb3b0e65a4,tika-parsers,638.3399999141693,Success
tika_0,TIKA-632,7aeed0b52f5fbd5a1955270046220350d9a72885,tika-parsers,465.32299995422363,Generated no tests
tika_0,TIKA-633,7dc399b99823bbbd77ab6e6ab0b9cc1870210c0c,tika-parsers,13.70199990272522,Compilation failure
tika_0,TIKA-645,c2f7fe03d7bbaf0ce42f9c0ea08c0871f39a9c24,tika-core,399.13699984550476,Success
tika_0,TIKA-650,77c7847b54d396de91f281f4c58ff69d67ee9910,tika-parsers,15.472000122070312,Compilation failure
tika_0,TIKA-651,77ebfcd04dfb16f9f856dbcf6fe9098217c779c3,tika-core,392.6780002117157,Success
tika_0,TIKA-651,fcde81cfbf6f7d4a7ba4e148471f1ce622d59f92,tika-core,464.8919999599457,Success
tika_0,TIKA-655,87fd9affb574d62ed26d669adaa3d7cf37e124fb,tika-parsers,14.916999816894531,Compilation failure
tika_0,TIKA-656,8ef4561642c3b0b4173480b82708e192ac06d2a3,tika-parsers,13.598999977111816,Compilation failure
tika_0,TIKA-656,469aa10c4736a905e343fe77e64fa9c7bec843b6,tika-parsers,12.736000061035156,Compilation failure
tika_0,TIKA-661,49a9c4ffeebd479501cba457d5215dc9ec12991b,tika-core,350.835000038147,Success
tika_0,TIKA-672,2942530968d8b5a990b369eb619a7bf371c14c5c,tika-parsers,535.4719998836517,Git error
tika_0,TIKA-672,bc8f90a5d1fd8286f04fa7088c324db96e8cb36f,tika-parsers,465.1659998893738,Success
tika_0,TIKA-672,2608c791c41fb82a55fbf8718e748b4d587032c5,tika-parsers,432.05599999427795,Git error
tika_0,TIKA-683,5c22595f655362f983e73aca4fb79149f37a17ec,tika-parsers,722.2869999408722,Success
tika_0,TIKA-683,ca890e427a1623b0e100ebe45a49edaacf17db39,tika-parsers,14.585999965667725,Compilation failure
tika_0,TIKA-692,24ef1035df8f53a1750884e8cff91d277528e6a9,tika-parsers,520.8789999485016,Success
tika_0,TIKA-692,332e4986fc077212784ada8d5f3048473ccd06b4,tika-parsers,14.444999933242798,Compilation failure
tika_0,TIKA-693,e7b51f0ea9a76e351fef07c806dce00ff47a2888,tika-parsers,14.198999881744385,Compilation failure
tika_0,TIKA-695,0c52b66e9dd568cd9af1529cd1b0fa0819c53e9d,tika-parsers,776.8150000572205,Success
tika_0,TIKA-695,4b51beae8e08e82458792a63dd867319cb40e1e4,tika-parsers,547.5310001373291,Success
tika_0,TIKA-697,4885ea7e2eb8a557879a08be9eae85224b718063,tika-parsers,0.005000114440917969,No classes associated to this module
tika_0,TIKA-698,4c5599b6694a31e8ce84a1a0d88100827d98490e,tika-core,309.71799993515015,Success
tika_0,TIKA-698,4c5599b6694a31e8ce84a1a0d88100827d98490e,tika-parsers,0.003000020980834961,No classes associated to this module
tika_0,TIKA-698,9c9763a5ac67683553f155a33338bdf98e1a6937,tika-core,275.02500009536743,Success
tika_0,TIKA-701,6bc0e0554fff5cb287caa56a10eecea60bf840bf,tika-parsers,0.004999876022338867,No classes associated to this module
tika_0,TIKA-701,3e832b08f0b7b2f528af65bd2c10b414e21ded07,tika-core,0.011999845504760742,No classes associated to this module
tika_0,TIKA-701,3e832b08f0b7b2f528af65bd2c10b414e21ded07,tika-parsers,20.62999987602234,Compilation failure
tika_0,TIKA-702,9d5cf328f700e655a38cdf547fc86a273b854b78,tika-parsers,15.901999950408936,Compilation failure
tika_0,TIKA-711,af7df6bfaedc6b097a91eda6c789e5ee576401f6,tika-parsers,542.9939999580383,Success
tika_0,TIKA-712,20ab62de27c7e34d1c09b3cd0a14c0e32e59994b,tika-parsers,604.654000043869,Success
tika_0,TIKA-712,51a7c9ccacde4f0a40d3f3a0a0c7b2d270d22684,tika-parsers,417.56700015068054,Success
tika_0,TIKA-717,fdb902bcea910756c9f498b0db9bf3a1870cb2f2,tika-parsers,523.1979999542236,Success
tika_0,TIKA-720,aa944e848894e16adec24eeffe29e11b96ad29a8,tika-parsers,585.8289999961853,Success
tika_0,TIKA-720,eb73a4be05f53e33679146810c28e74224f8b359,tika-parsers,568.2639999389648,Success
tika_0,TIKA-724,94356cb82bdefc805b8d09bd00057ed8e260199e,tika-parsers,594.8369998931885,Success
tika_0,TIKA-725,39a63cad3ad912f412f75a2dcdca400ab8e37ab6,tika-app,358.018000125885,Dependencies resolution failure
tika_0,TIKA-736,3083e916b9a58aabca69a4cb7462415d4a7468e4,tika-parsers,666.7130000591278,Success
tika_0,TIKA-738,9769f860a20af595c85ba751c4b6652a8690a2e6,tika-parsers,609.6849999427795,Success
tika_0,TIKA-741,84d1ee3915c676005fdf741b2f18d7917761465d,tika-core,292.385999917984,Success
tika_0,TIKA-742,4e0b3e6cef33706b8e2eb510e4a1a04433b5938c,tika-parsers,555.0420000553131,Success
tika_0,TIKA-748,c256022ce85a05be039e81f152fe895cb4f38b3a,tika-parsers,532.7960000038147,Success
tika_0,TIKA-777,2c3dbde39c16161dafc4b5cc03db4e259bf7fb7f,tika-parsers,534.0880000591278,Success
tika_0,TIKA-778,6ef64ddbeff4b23ee25e3d3f51f8a07c49d37c2b,tika-parsers,560.5720000267029,Success
tika_0,TIKA-781,ad78ecd3a85fcfc61b22cb045b3881cc9c170b13,tika-parsers,533.4329998493195,Success
tika_0,TIKA-786,2b39c7599a9930f8847f8839e9612ae5cdc56407,tika-parsers,0.004999876022338867,No classes associated to this module
tika_0,TIKA-787,f8e3364bfd7fa5d4d80c7b249894ebbe6a146b85,tika-parsers,507.48800015449524,Success
tika_0,TIKA-793,3bdf69a7d2e119aa722a097d81a99fd63d76be78,tika-parsers,746.9730000495911,Success
tika_0,TIKA-793,554605b284b0c4ac32b8cdda512700d780915a8d,tika-parsers,545.7580001354218,Success
tika_0,TIKA-794,96c92f509db1f424147ac0f1b7a5cfcfe6211435,tika-parsers,0.004999876022338867,No classes associated to this module
tika_0,TIKA-801,b73dccb6bc47d33bdb6f1e51b723c7ef6bf3e1a3,tika-parsers,550.3789999485016,Success
tika_0,TIKA-811,8630e56468e1d25920030251d9d97a862cc719f3,tika-parsers,566.2639999389648,Success
tika_0,TIKA-817,9227e9f3d5090be28e28639ab92732c5be0507cf,tika-parsers,0.006000041961669922,No classes associated to this module
tika_0,TIKA-820,8fd76a41b32b80353820d4a8bdaa08de5529f7ee,tika-parsers,0.005000114440917969,No classes associated to this module
tika_0,TIKA-822,48b28a6d31c3afb741ffa5ace4c0c4738101b539,tika-core,336.24699997901917,Success
tika_0,TIKA-826,9e22f46f2403b89dbc8454cefb8b83881f437419,tika-parsers,597.1779999732971,Success
tika_0,TIKA-828,edb6775bf356eaaf656730589cc3340a15b602ea,tika-core,278.1139998435974,Success
tika_0,TIKA-830,bc075703823e7250a7ad7db93ef58712133920f2,tika-parsers,0.004999876022338867,No classes associated to this module
tika_0,TIKA-831,915be4f4fb999a79ea1f3f90b3a2637ea086ae26,tika-parsers,0.003999948501586914,No classes associated to this module
tika_0,TIKA-854,5498c0eeea7d2a5d6d314bcddc7d307830e97c27,tika-parsers,502.82999992370605,Success
tika_0,TIKA-866,a547dde812cce268518796e116f63ef0a3f4c8f3,tika-core,520.2699999809265,Success
tika_0,TIKA-866,1f16bf8e5ef4848d9d2e91e1566c1cfb5617f311,tika-core,324.9449999332428,Success
tika_0,TIKA-869,56237e39f39092ede166eb790f3d5c0b4644d8e0,tika-parsers,489.539999961853,Success
tika_0,TIKA-877,44d14a51ff1c93fc597aa85fc828507d214269d3,tika-server,39.83200001716614,Generated no tests
tika_0,TIKA-877,e91ba0c53057f51623ede0a4c0440f7651444501,tika-app,440.58899998664856,Dependencies resolution failure
tika_0,TIKA-903,27fbb0a2303433efb077ec449a591114c264e3c1,tika-parsers,575.7669999599457,Success
tika_0,TIKA-910,5eb3dc1d76fe98ccdf522a0beb69f3d123ccfe98,tika-parsers,424.470999956131,Generated no tests
tika_0,TIKA-915,99ad6801379ee8e0918d51b7d4bba762694afbbf,tika-parsers,413.87800002098083,Success
tika_0,TIKA-915,8630e56468e1d25920030251d9d97a862cc719f3,tika-parsers,417.385999917984,Success
tika_0,TIKA-916,00a14bb29de9d26224720194d596604f90570480,tika-parsers,428.62400007247925,Success
tika_0,TIKA-918,bf24bc0a11daa83ab707c1576a5605609b35d786,tika-parsers,401.70300006866455,Success
tika_0,TIKA-920,8d38e36c861acdfbf6996c924f66e31bbfb01088,tika-app,270.4170000553131,Dependencies resolution failure
tika_0,TIKA-923,8fd2a5298a5dbb2272279ea6b01087e9a96237ad,tika-parsers,267.4520001411438,Generated no tests
tika_0,TIKA-924,527f3d72120f6be58735c437d1f6453029485b15,tika-parsers,265.9299998283386,Generated no tests
tika_0,TIKA-935,914cafdbbe3748003cfc766c5d9b99339d08ce79,tika-parsers,361.0,Success
tika_0,TIKA-948,f28f04af7e60ffc04550030c0c99e8c7dd931442,tika-parsers,436.9489998817444,Success
tika_0,TIKA-948,f28f04af7e60ffc04550030c0c99e8c7dd931442,tika-app,0.003000020980834961,No classes associated to this module
tika_0,TIKA-948,218352a1ce7de0881416eff741d832a1abc51f07,tika-parsers,394.92400002479553,Compilation failure
tika_0,TIKA-961,a7e03539f9944f4847164b4bfa14b1f2db077331,tika-parsers,428.94799995422363,Success
tika_0,TIKA-962,efdb4679cb28841da7ba9d8e755596602b630893,tika-parsers,0.006000041961669922,No classes associated to this module
tika_0,TIKA-963,c36e5a0461b66a7941156dd9ee502c73aa0ee28c,tika-parsers,419.7979998588562,Success
tika_0,TIKA-965,dfcf3d4c7cee2dac641ea5b331965ad03ce37364,tika-parsers,0.005000114440917969,No classes associated to this module
tika_0,TIKA-973,ffc3b3cc73f7f931ac82425d9a0803e1c672aba3,tika-parsers,434.53200006484985,Success
tika_0,TIKA-973,dcbe0d27ed0575fab0f2176503e5a5bc1014dfe2,tika-parsers,453.52300000190735,Success
tika_0,TIKA-981,4cdcefd5a87ed11e84ee4a016b989102bc84cdf1,tika-parsers,370.6400001049042,Success
tika_0,TIKA-982,0ce025c5cf0ab44a87bc56835e34803827f74b97,tika-parsers,405.1319999694824,Success
tika_0,TIKA-986,4f920c7bc5fd262c2a83fe44a7fb7b7bcb2798b7,tika-parsers,402.4599997997284,Success
tika_0,TIKA-990,3e7e7c95e68a8b3be8204e9c4120cc8199b5df57,tika-parsers,403.1229999065399,Success
tika_0,TIKA-992,aa18a7989e73510ac148ef56a47d151385e3b268,tika-parsers,390.95099997520447,Success
tika_0,TIKA-995,2697354c7e50b9b06c44441accd09f3cff594c6e,tika-core,300.95800018310547,Success
tika_0,TIKA-999,9c0f4ca22c79a049b9459ce6f4dba8ba527da5d2,tika-parsers,365.0859999656677,Success
tika_0,TIKA-999,a06209b1d5e263fd579afe66318560deeda7f66c,tika-parsers,403.6510000228882,Success
tika_0,TIKA-1005,4e09c6360355b73801b95c97e139619acbe012bd,tika-parsers,491.6230001449585,Success
tika_0,TIKA-1006,433f21c4805e7bb930964f87d15c30f62e0eb5d5,tika-parsers,393.779000043869,Success
tika_0,TIKA-1010,55310ec7f4c8f2bfe6ff29485dfee156e6c9de84,tika-core,364.09500002861023,Success
tika_0,TIKA-1010,55310ec7f4c8f2bfe6ff29485dfee156e6c9de84,tika-parsers,511.72100019454956,Git error
tika_0,TIKA-1011,a64d33c78c143f401d2d7ef795872fcc35fb2200,tika-parsers,411.085000038147,Success
tika_0,TIKA-1015,acdb2b0ea9082dad8120431ebbf34e68b76aafe2,tika-app,270.0899999141693,Dependencies resolution failure
tika_0,TIKA-1019,363ee3bf4604a36515df8deb49c520bc3a488184,tika-parsers,348.57999992370605,Success
tika_0,TIKA-1019,1d637c8e872ada489b3e928b854be0959ed0a0c4,tika-parsers,346.57800006866455,Success
tika_0,TIKA-1019,a2ddd8cffdb3c69d5e8fbfec24a939ab7c3f3bed,tika-parsers,349.24500012397766,Success
tika_0,TIKA-1021,7171855cd159df475f3eaa98177916616288db30,tika-parsers,402.4670000076294,Success
tika_0,TIKA-1022,355eba97dfd9ae2e61ca856f0c70e001b203a0c0,tika-parsers,400.0390000343323,Success
tika_0,TIKA-1024,a3f156bfa445f5c0172a90107c6c15402bfa120e,tika-parsers,402.0569999217987,Success
tika_0,TIKA-1025,963100eb1806048809b1fb2cb5076afdd640cdfa,tika-parsers,443.07299995422363,Success
tika_0,TIKA-1028,58b7c17d1833caffd5e8693d656a6efc02463c43,tika-parsers,440.59500002861023,Success
tika_0,TIKA-1031,e10c23b3ad00dd9d8fb059fdbfc40273b8e2469c,tika-app,271.64600014686584,Dependencies resolution failure
tika_0,TIKA-1032,9ec715349810ab8e2d149028679ba6baebeae14b,tika-parsers,512.007000207901,Success
tika_0,TIKA-1033,e9206475e683c35b09810a857ddd7bdbfa8f60fb,tika-parsers,939.8239998817444,Unexpected
tika_0,TIKA-1035,01c02e671a82fc89fca8748175a741a5c5605962,tika-parsers,396.7259998321533,Success
tika_0,TIKA-1035,771e368ba531ef5063b89811d98a3c756920f870,tika-parsers,386.56900000572205,Success
tika_0,TIKA-1044,ab9f799ae4a3eec42e00a109ca3171cbdf7b6cd0,tika-parsers,480.0510001182556,Success
tika_0,TIKA-1048,71166dea776a676601d35bef3922717aa2d56301,tika-parsers,358.7079999446869,Success
tika_0,TIKA-1063,794595c85cffc6cc811c60b1d8ae6fd3a341bcb1,tika-parsers,517.8049998283386,Success
tika_0,TIKA-1078,94ff74c029ab8ea6dfd121938b2e6a6bc414a8b3,tika-core,277.20099997520447,Success
tika_0,TIKA-1109,5dd29c4fd97c9a9de8d716e52e4998db1e92176d,tika-parsers,533.194000005722,Success
tika_0,TIKA-1110,8d794b56dc413f41f0cb0a288aa55b55a7f198e9,tika-parsers,403.3420000076294,Success
tika_0,TIKA-1115,5ffe387253086d52017d32f7d5b20cbd912d56a5,tika-parsers,358.59800004959106,Success
tika_0,TIKA-1117,c46f54556357b08dc0d092cab3d316a1205b7d51,tika-parsers,450.05999994277954,Success
tika_0,TIKA-1124,ba80052ad7c7992a15aae7445488bed7584187f7,tika-parsers,472.9609999656677,Success
tika_0,TIKA-1127,9d81bddc52fc3eb851f52099263d28b18bacde69,tika-server,249.65599989891052,Dependencies resolution failure
tika_0,TIKA-1128,14aa5bfbab763cb00677d89b7e6cc0077c8a6ca7,tika-parsers,362.4009997844696,Success
tika_0,TIKA-1130,970bafe849a6aa2e4e5ed1140e033fdb9c8abe32,tika-parsers,441.6859998703003,Success
tika_0,TIKA-1145,c7d7f66f8c9e389d8654a6a57f0e14040f2e9d51,tika-core,356.1270000934601,Success
tika_0,TIKA-1146,22fc879bf987c2ab1fa24d68c10a97cb4797614e,tika-core,225.78199982643127,Success
tika_0,TIKA-1147,a852c4f55cc320087d4cfa300fca5ffb9c759918,tika-parsers,0.003999948501586914,No classes associated to this module
tika_0,TIKA-1171,20ab62de27c7e34d1c09b3cd0a14c0e32e59994b,tika-parsers,417.66999983787537,Success
tika_0,TIKA-1191,6a398bd3f6245543091fd7c0e9e4facb34a26882,tika-core,436.047000169754,Timeout failure
tika_0,TIKA-1192,ceccd0b65b0a24bf44f4566a94c901c7c40135f6,tika-parsers,413.8479998111725,Success
tika_0,TIKA-1196,6f7177ff791539fd277e7dc59e0f7fbe5e3f0e5a,tika-server,264.95700001716614,Dependencies resolution failure
tika_0,TIKA-1221,359aae57ce045de191a14bb369e7980154deffc6,tika-parsers,383.04900002479553,Success
tika_0,TIKA-1222,7b7ad9596116b402a938d5ded50a2ef621677c03,tika-parsers,415.2809998989105,Success
tika_0,TIKA-1226,7d3194a3be19dc81a425ad4247b85dc7891b8660,tika-parsers,399.885999917984,Success
tika_0,TIKA-1228,1ca0efd92bf7068fb1ff0366dfe0f55612d56068,tika-parsers,385.8529999256134,Success
tika_0,TIKA-1229,2aaec12dbd492d716aab53f7ee32bdb247404c35,tika-parsers,348.52699995040894,Success
tika_0,TIKA-1248,a360ec5add94fad571114f6090e363df6c9295e7,tika-parsers,362.65899991989136,Success
tika_0,TIKA-1251,8e0c444b1f1bf61215a298c2b782b5cb451f9cde,tika-parsers,364.1559998989105,Success
tika_0,TIKA-1252,3cfe5ad70d02b22c8464b6073de9fe55830964ac,tika-parsers,382.4140000343323,Success
tika_0,TIKA-1255,80efc84b675c8defa5e86b01b85e1dabc84d32f5,tika-parsers,934.0529999732971,Success
tika_0,TIKA-1257,beff3947978d4573e35a40a7b0ad8fb7ec89a2f6,tika-parsers,367.4389998912811,Success
tika_0,TIKA-1279,3a9afb5d5dae8b5e4db84679ec39738d41d8fd75,tika-parsers,407.34699988365173,Success
tika_0,TIKA-1291,0b57b5c2d885b9223c0c77133844a3fc39f5bcc4,tika-app,999.3619999885559,Success
tika_0,TIKA-1292,f689fa7ee25c0c9c4bd4d68aa51941eb558f7026,tika-core,250.4960000514984,Success
tika_0,TIKA-1295,c2da98e37eaff64a0b12a253b7406385cd80b253,tika-parsers,424.4249999523163,Success
tika_0,TIKA-1303,b97ef3208fe5848c96c86d6d7b6a6bfb962e0568,tika-parsers,376.510999917984,Success
tika_0,TIKA-1305,d0ced9671ef45210a1d0545f32281f3bd7724862,tika-parsers,433.34100008010864,Success
tika_0,TIKA-1310,0b57b5c2d885b9223c0c77133844a3fc39f5bcc4,tika-app,741.9749999046326,Success
tika_0,TIKA-1317,a13fdace85d18eccc4ec9ee918e86541204374b1,tika-parsers,450.41100001335144,Success
tika_0,TIKA-1322,375fde60b42c44b57c6931894ddee177b063fbae,tika-parsers,425.91200017929077,Success
tika_0,TIKA-1341,6a306fbbe256c267cd1c5a863c78707f4c43085f,tika-parsers,481.2980000972748,Success
tika_0,TIKA-1353,a9a5c03c4581fc43e0e17372dc4c4863e280e762,tika-parsers,364.64200019836426,Success
tika_0,TIKA-1362,4a75eefea9d04499c7cd4c9e99c9df3e4b73a97b,tika-translate,241.96600008010864,Generated no tests
tika_0,TIKA-1370,15521f132f69f80a42496a5fc38a49caa27c09cc,tika-translate,180.80800008773804,Generated no tests
tika_0,TIKA-1373,f1d00dbf40f16ce8669628951b813d7972c07c45,tika-parsers,424.87400007247925,Success
tika_0,TIKA-1378,65aea2b06b33c6b53999b6c52e017c38bf2af0b4,tika-translate,233.2389998435974,Success
tika_0,TIKA-1385,eb9495e194c90d18ed5c48eb53f8ccab664e5e71,tika-translate,365.5199999809265,Git error
tika_0,TIKA-1389,7e6448348853234fe76c732ffeccb76200fe464c,tika-serialization,0.01699995994567871,No classes associated to this module
tika_0,TIKA-1389,7e6448348853234fe76c732ffeccb76200fe464c,tika-parsers,686.9390001296997,Unexpected
tika_0,TIKA-1389,7e6448348853234fe76c732ffeccb76200fe464c,tika-core,315.8220000267029,Git error
tika_0,TIKA-1389,7e6448348853234fe76c732ffeccb76200fe464c,tika-translate,0.1809999942779541,No classes associated to this module
tika_0,TIKA-1389,7e6448348853234fe76c732ffeccb76200fe464c,tika-xmp,0.013000011444091797,No classes associated to this module
tika_0,TIKA-1400,9688c77128e5c3d53c1eeb4e72db62ff10dfafda,tika-parsers,755.8800001144409,Success
tika_0,TIKA-1413,0365ed2e430f3513931c01994e75fa55d1fb1b01,tika-parsers,524.414999961853,Success
tika_0,TIKA-1422,cf55425220f3c0dcab2fe6318e19560bf4c7827b,tika-parsers,337.3489999771118,Compilation failure
tika_0,TIKA-1422,eb7202d524dbf45d2d0e21b473e73e5401ed10b9,tika-parsers,374.5050001144409,Success
tika_0,TIKA-1427,e8fac5b3060b8af39ff787fbf8038980b999c611,tika-parsers,475.83000016212463,Success
tika_0,TIKA-1427,4f421985cb2d1c75b8c2474719ab2d5e38d2793e,tika-parsers,462.9559998512268,Success
tika_0,TIKA-1445,0a176a5aad749a0b15559b705b906937760d4a77,tika-parsers,389.3440001010895,Success
tika_0,TIKA-1445,5cf7785cf2540cc8cdfd7d21b4f8bf540fbdc55f,tika-parsers,376.28200006484985,Success
tika_0,TIKA-1445,7dc73cee673ffde25441b1adba6d467873ed134c,tika-core,248.57500004768372,Success
tika_0,TIKA-1446,1cc2725cecf73a1156af53d21801a9196154f389,tika-parsers,425.28200006484985,Success
tika_0,TIKA-1446,65977bba2a5900c43dbb9f4c8512daf38b9163b5,tika-core,372.3400001525879,Success
tika_0,TIKA-1446,65977bba2a5900c43dbb9f4c8512daf38b9163b5,tika-parsers,671.441999912262,Git error
tika_0,TIKA-1454,bb78082b0028b57a5bf1ae30858dda6aebeacf63,tika-parsers,881.5139999389648,Success
tika_0,TIKA-1454,69852e4cb55d34e6513e0b66af7d75cb1b1408ba,tika-parsers,1073.2229998111725,Success
tika_0,TIKA-1459,e2293d302bc5f447563c5c6c93907b55bba6e91b,tika-core,212.40699982643127,Success
tika_0,TIKA-1463,eacb983cb6155dc00e98f5ad4c9d71244b7dba83,tika-parsers,398.3819999694824,Unexpected
tika_0,TIKA-1467,0aa8bca3ede9bec545b7228733df67905b7e8663,tika-parsers,473.5390000343323,Success
tika_0,TIKA-1477,74c231a575c9ac307b617c2c322d0f4151baeb64,tika-parsers,359.48800015449524,Success
tika_0,TIKA-1489,d1e8d7176952d7e82e2d72ae08b2ee40df17902e,tika-parsers,404.94400000572205,Dependencies resolution failure
tika_0,TIKA-1506,f5ad49dc58e0309b88084f6dda2d73fea3612804,tika-parsers,437.8380000591278,Success
tika_0,TIKA-1512,990c0c2096fdabec508371cbf96f9e77bd61f12d,tika-parsers,411.7739999294281,Generated no tests
tika_0,TIKA-1519,7d231d03247b9171dcce6e1758deb5c49560a6a1,tika-parsers,524.6599998474121,Success
tika_0,TIKA-1519,6194e6854392740a157cce3bb252af10244af8af,tika-parsers,543.0209999084473,Success
tika_0,TIKA-1529,892f3a8b1e44efdf86ec9aed0887de7afcbf01ea,tika-server,1426.8430001735687,Success
tika_0,TIKA-1529,892f3a8b1e44efdf86ec9aed0887de7afcbf01ea,tika-parsers,1012.2679998874664,Git error
tika_0,TIKA-1529,892f3a8b1e44efdf86ec9aed0887de7afcbf01ea,tika-core,539.3959999084473,Git error
tika_0,TIKA-1529,892f3a8b1e44efdf86ec9aed0887de7afcbf01ea,tika-app,1326.7379999160767,Git error
tika_0,TIKA-1544,e12bb7a68d1e1cf60bacdbd2e68afe6b0b6863a8,tika-parsers,257.7449998855591,Dependencies resolution failure
tika_0,TIKA-1548,8fc3a0925db66e3a15d7ad5f790f0201ed73b214,tika-parsers,243.8050000667572,Dependencies resolution failure
tika_0,TIKA-1549,8494d9310defb3bebbbc2d9f46393840f292a5e1,tika-core,195.02900004386902,Success
tika_0,TIKA-1562,f54cb9e354b71e720602acfa0b4da8f100b400c2,tika-example,1314.9029998779297,Dependencies resolution failure
tika_0,TIKA-1567,4aab1c1777a314644507d2acf27c814390f685d9,tika-server,382.3270001411438,Dependencies resolution failure
tika_0,TIKA-1568,7175b9027fb4c8566822c57b428363bc35893d74,tika-parsers,0.004999876022338867,No classes associated to this module
tika_0,TIKA-1584,90bc595d756376cc40ca17ec13cdbae5fb023a90,tika-server,1447.8949999809265,Success
tika_0,TIKA-1589,671b314b1c25c3d4b390a61ef6c0d7d03b062806,tika-parsers,498.85700011253357,Success
tika_0,TIKA-1600,f2c263dd409f62c6c3520e48816c9fca9244e854,tika-parsers,665.7300000190735,Compilation failure
tika_0,TIKA-1605,3e9db56e11340c06c39e71df4d320033eda5810c,tika-core,245.82599997520447,Success
tika_0,TIKA-1622,d3c776ce35940cfb5f4b8127d239e580860a5bbd,tika-server,554.1970000267029,Dependencies resolution failure
tika_0,TIKA-1623,a85081207afc8d5bc7c9a9e9c09ad72b3c6743c2,tika-server,952.3499999046326,Dependencies resolution failure
tika_0,TIKA-1629,88f140f5cfd63202a48bab7a43e2c6cae05ea8da,tika-server,1415.8919999599457,Dependencies resolution failure
tika_0,TIKA-1629,88f140f5cfd63202a48bab7a43e2c6cae05ea8da,tika-example,1550.516000032425,Dependencies resolution failure
tika_0,TIKA-1629,88f140f5cfd63202a48bab7a43e2c6cae05ea8da,tika-core,371.5869998931885,Unexpected
tika_0,TIKA-1629,88f140f5cfd63202a48bab7a43e2c6cae05ea8da,tika-parsers,762.7009999752045,Git error
tika_0,TIKA-1629,88f140f5cfd63202a48bab7a43e2c6cae05ea8da,tika-app,385.210000038147,Dependencies resolution failure
tika_0,TIKA-1646,cc326059cd05b9df51bbc82fba6528cb09f4395e,tika-batch,578.8269999027252,Dependencies resolution failure
tika_0,TIKA-1646,cc326059cd05b9df51bbc82fba6528cb09f4395e,tika-parsers,0.005000114440917969,No classes associated to this module
tika_0,TIKA-1653,b93a7d267f8d1899354c5e2b8c1c56651e50d99c,tika-core,210.6210000514984,Success
tika_0,TIKA-1669,761273f9e69c4a7595e50ccd6a2d9304c398d0b1,tika-core,217.143000125885,Success
tika_0,TIKA-1673,2764fb8606964c3350c781ecf5df4042706b4099,tika-example,0.006000041961669922,No classes associated to this module
tika_0,TIKA-1673,2764fb8606964c3350c781ecf5df4042706b4099,tika-parsers,0.0019998550415039062,No classes associated to this module
tika_0,TIKA-1673,2764fb8606964c3350c781ecf5df4042706b4099,tika-app,0.003000020980834961,No classes associated to this module
tika_0,TIKA-1678,1ecb5f93b3af6ab23cbf2eaa329fca7ae140f530,tika-parsers,884.7909998893738,Timeout failure
tika_0,TIKA-1681,320b2890038dfcb9191ba856c0e84e368851d24e,tika-parsers,1198.0839998722076,Success
tika_0,TIKA-1689,58a757e0f7295af14bb8051a42d75bb0ccc8cfe6,tika-parsers,0.004000186920166016,No classes associated to this module
tika_0,TIKA-1700,abd6b8744917816a4695aca42e9f8e9cf9f09263,tika-core,471.54199981689453,Success
tika_0,TIKA-1700,cd129b5741d96d169823daadf6f40038ce773041,tika-core,291.12999987602234,Compilation failure
tika_0,TIKA-1703,38697cbec28a90ed7b4726b081a82ecf98cd47fd,tika-parsers,936.3960001468658,Timeout failure
tika_0,TIKA-1708,3f784c6708e594956a5a62d9f421eec99a4b5f4a,tika-parsers,0.006000041961669922,No classes associated to this module
tika_0,TIKA-1708,98b088d6f1cdd44aacabc60346b8b065ae2eb94e,tika-core,0.005000114440917969,No classes associated to this module
tika_0,TIKA-1708,98b088d6f1cdd44aacabc60346b8b065ae2eb94e,tika-parsers,553.3620002269745,Unexpected
tika_0,TIKA-1716,24b8c2a918ac599b5aff1265f2e08014de1a2fe0,tika-server,684.1059999465942,Dependencies resolution failure
tika_0,TIKA-1728,e7a3a49561cc1f9ffa4cd34307005f559dcefe19,tika-parsers,616.8599998950958,Success
tika_0,TIKA-1742,5d50c2e9391a9f31ea435724aef9e0bb73624984,tika-parsers,0.6730000972747803,No changed methods
tika_0,TIKA-1777,5a7027a1d2a82895b49d4131ef20f3e59e417712,tika-parsers,524.6519999504089,Generated no tests
tika_0,TIKA-1782,f43de5a24b56cdd6a3c5abc3e5a38e2410089d69,tika-core,169.83700013160706,Success
tika_0,TIKA-1788,9653e77d935bb00b7a38be483991e8e185f751ff,tika-parsers,711.9000000953674,Success
tika_0,TIKA-1788,18aa69a16f09232413e06d04e921427ff4356cec,tika-parsers,781.0920000076294,Success
tika_0,TIKA-1795,f682eeec632bcfba9c879de077a968b926c3fc31,tika-parsers,578.1870000362396,Success
tika_0,TIKA-1804,1760249f26536047e54e3932f47910217a6c81f5,tika-parsers,971.5150001049042,Success
tika_0,TIKA-1835,fe841bc8760027eae3f9d0105238780815451346,tika-core,303.1730000972748,Success
tika_0,TIKA-1837,16290d86c3a976f7c323b0be6750ad07f4840018,tika-parsers,637.9560000896454,Success
tika_0,TIKA-1845,1e0159b733dc7a8f48ce8943e1f15046c791349a,tika-server,758.0409998893738,Dependencies resolution failure
tika_0,TIKA-1870,3b7922db1a2e72181e1a00168d2aee33bfe1d4a3,tika-core,208.27100014686584,Success
tika_0,TIKA-1877,e105088729ef12acbda1fe4e71f462f84d98f981,tika-parsers,842.7980000972748,Unexpected
tika_0,TIKA-1914,7a4301ed3ac21f73b049d4111f46ba6cda69145c,tika-parsers,557.8729999065399,Success
tika_0,TIKA-1916,5e170d4373c28a4b520196591c4d94ab8073bfbf,tika-parsers,647.308000087738,Success
tika_0,TIKA-1927,4f22b085b1569d66d711b79751478dfb8448c353,tika-parsers,882.0210001468658,Success
tika_0,TIKA-1928,b2821d921ac4cfd3be468e8bea9123f5cb627cbf,tika-core,222.0900001525879,Success
tika_0,TIKA-1937,1c5e96cf617b231ce8d902fc86eca84edb9cafe7,tika-core,181.6119999885559,Unexpected
tika_0,TIKA-1938,b6d23c189e852fa2e41b441c18bfe3e66e3f67c4,tika-parsers,571.0599999427795,Success
tika_0,TIKA-1945,7842600560e02a4fd213d175301b4397bbe030a3,tika-parsers,1128.3740000724792,Success
tika_0,TIKA-1960,64b7ded37f981e298fcb62a996cbaf4ccabb2a96,tika-core,387.4839999675751,Unexpected
tika_0,TIKA-1970,89881ce207444a9d53f041bf9a14b5b7d623dca6,tika-parsers,648.545000076294,Success
tika_0,TIKA-1970,09cc658a30ae194323f1e444be73d396544efc6b,tika-parsers,602.4229998588562,Success
tika_0,TIKA-1980,9024f12e0fbef206330b6317a537354fafbe9cd7,tika-parsers,0.003999948501586914,No classes associated to this module
tika_0,TIKA-1990,6ad18f44cdfef5e80b343d9c06787b850fcfc9fd,tika-parsers,677.4670000076294,Timeout failure
tika_0,TIKA-1999,3e14505381eefa603adabe61171c0c19fc685b2f,tika-parsers,1230.1429998874664,Success
tika_0,TIKA-2019,7ae760e29ad3ed5874f7f50c27c6f850ab1d8025,tika-parsers,806.1549999713898,Success
tika_0,TIKA-2025,a383567c2c947603c4c7aa12d3578d771bb58413,tika-parsers,1014.4690001010895,Success
tika_0,TIKA-2026,7cc610e1b3f164fe9de00b1a35e60fd00a69bb46,tika-parsers,1029.4349999427795,Success
tika_0,TIKA-2029,95b2cd127346486cece4cb1450f444fd9bd54337,tika-parsers,517.7990000247955,Timeout failure
tika_0,TIKA-2037,952fb54ed78a2fba07db4653cc674f5641211031,tika-parsers,556.7230000495911,Generated no tests
tika_0,TIKA-2040,71cb9363c07839e68712edde4626d53aa928cc2a,tika-parsers,1431.6879999637604,Success
tika_0,TIKA-2047,415381212291e843e9091f43f6db8c432eb02aa9,tika-parsers,943.4590001106262,Generated no tests
tika_0,TIKA-2048,85e53850026aadce49bc99c1ef2de9d5c7be0451,tika-parsers,679.3849999904633,Success
tika_0,TIKA-2055,27b9cf566da9772961b2fac3c2aa6cc1648ab2a5,tika-parsers,686.3039999008179,Success
tika_0,TIKA-2078,80efc84b675c8defa5e86b01b85e1dabc84d32f5,tika-parsers,785.0929999351501,Success
tika_0,TIKA-2089,95c515db2f303db049c79a7bd0c260ec559186b1,tika-parsers,937.8440001010895,Success
tika_0,TIKA-2098,c33ac04618f97c06fe4508b5d41465b2c11ba1b9,tika-parsers,707.3669998645782,Timeout failure
tika_0,TIKA-2099,a194bc4ba2b771807e93e664245f24e3573a15df,tika-parsers,1711.2250001430511,Success
tika_0,TIKA-2100,7536ed91afd9a3fe744464e34f95f3108c6bd5a2,tika-parsers,1042.3519999980927,Success
tika_0,TIKA-2111,15a92302501d5ee6a319442c8109eafe37ec4595,tika-parsers,701.5989999771118,Success
